[
    {
        "id": 101,
        "name": "Mr. Kamal",
        "email": "mrkamal@test.com",
        "address": "Gulshan,Dhaka",
        "phone_number": "01502020110"
    },
    {
        "id": 102,
        "name": "Mr. Jamal Islam",
        "email": "mrjamal@test.com",
        "address": "Gulshan,Dhaka",
        "phone_number": "01502020110"
    },
    {
        "email": "customer103@grr.la"
    },
    {
        "id": 954845,
        "name": "Blair Bruen MD",
        "email": "daren71@testmail.com",
        "address": "Dhaka",
        "phone_number": "(701)153-2687"
    },
    {
        "id": 352879,
        "name": "Jerod Mueller",
        "email": "trudie47@testmail.com",
        "address": "UK",
        "phone_number": "(835)162-1924x09032"
    },
    {
        "id": 504703,
        "name": "Estevan Fritsch",
        "email": "yreichert@testmail.com",
        "address": "USA",
        "phone_number": "(359)418-5803x07051"
    },
    {
        "id": "20828",
        "name": "Kevin Turcotte",
        "email": "obins@test.com",
        "address": "Newyork,USA",
        "phone_number": "999.552.5891x87012"
    },
    {
        "id": "96370",
        "name": "Macey Weimann",
        "email": "wgerhold@test.com",
        "address": "Newyork,USA",
        "phone_number": "668-977-7960x74627"
    },
    {
        "id": 52327,
        "name": "Brenden Langworth DVM",
        "email": "yjacobson@test.com",
        "address": "Newyork,USA",
        "phone_number": "08363624535"
    },
    {
        "id": 84637,
        "name": "Gunner Effertz",
        "email": "veum.lenore@test.com",
        "address": "Newyork,USA",
        "phone_number": "284.180.9944x11485"
    },
    {
        "id": 857348,
        "name": "Jamison Okuneva",
        "email": "aileen94@testmail.com",
        "address": "UK",
        "phone_number": "(845)440-1812x8801"
    },
    {
        "id": 287364,
        "name": "Dr. Blake Hagenes",
        "email": "sidney25@testmail.com",
        "address": "USA",
        "phone_number": "1-052-654-2022x368"
    },
    {
        "id": 679109,
        "name": "Rory Koch DDS",
        "email": "fkemmer@testmail.com",
        "address": "USA",
        "phone_number": "(907)322-2198x549"
    },
    {
        "id": 205172,
        "name": "Felton Rath",
        "email": "dandre51@testmail.com",
        "address": "USA",
        "phone_number": "+45(1)5545085666"
    },
    {
        "id": 968419,
        "name": "Prof. Dane McKenzie",
        "email": "orion81@testmail.com",
        "address": "USA",
        "phone_number": "+10(1)2973113263"
    },
    {
        "id": 368661,
        "name": "Jerod Schinner",
        "email": "adrianna60@testmail.com",
        "address": "BD",
        "phone_number": "732-656-5877x27140"
    },
    {
        "id": 518214,
        "name": "Shad Mayert",
        "email": "kiley.greenholt@testmail.com",
        "address": "England",
        "phone_number": "1-506-109-8179"
    },
    {
        "id": 248097,
        "name": "Lexus Hickle V",
        "email": "oma15@testmail.com",
        "address": "USA",
        "phone_number": "(332)682-6052x5100"
    },
    {
        "id": 438613,
        "name": "Wilford Marks",
        "email": "homenick.milton@testmail.com",
        "address": "USA",
        "phone_number": "1-096-725-4650"
    },
    {
        "id": 820107,
        "name": "Jace Kub",
        "email": "bharris@testmail.com",
        "address": "England",
        "phone_number": "381.660.6268x8770"
    }
]